site,A,C,G,T
1,0,0,0,0
2,0,0,0,0
3,0,0,0,0
4,0,0,0,0
5,0,0,0,0
6,0,0,0,0
7,0,0,0,0
8,0,0,0,0
9,0,0,0,0
10,0,0,0,0
11,0,0,0,0
12,0,0,0,0
13,0,0,0,0
14,0,0,0,0
15,0,0,0,0
16,0,0,0,0
17,0,0,0,0
18,0,0,0,0
19,0,0,0,0
20,0,0,0,0
21,0,0,0,0
22,0,0,0,0
23,0,0,0,0
24,0,0,0,0
25,0,0,0,0
26,0,0,0,0
27,0,0,0,0
28,0,0,0,0
29,0,0,0,0
30,0,0,0,0
31,0,0,0,0
32,0,0,0,0
33,0,0,0,0
34,0,0,0,0
35,0,0,0,0
36,0,0,0,0
37,0,0,0,0
38,0,0,0,0
39,0,0,0,0
40,0,0,0,0
41,0,0,0,0
42,0,0,0,0
43,0,0,0,0
44,0,0,0,0
45,0,0,0,0
46,0,0,0,0
47,0,0,0,0
48,0,0,0,0
49,0,0,0,0
50,0,0,0,0
51,0,0,0,0
52,0,0,0,0
53,0,0,0,0
54,0,0,0,0
55,0,0,0,0
56,0,0,0,0
57,0,0,0,0
58,0,0,0,0
59,0,0,0,0
60,0,0,0,0
61,0,0,0,0
62,0,0,0,0
63,0,0,0,0
64,0,0,0,0
65,0,0,0,0
66,0,0,0,0
67,0,0,0,0
68,0,0,0,0
69,0,0,0,0
70,0,0,0,0
71,0,0,0,0
72,0,0,0,0
73,0,0,0,0
74,0,0,0,0
75,0,0,0,0
76,0,0,0,0
77,0,0,0,0
78,0,0,0,0
79,0,0,0,0
80,0,0,0,0
81,0,0,0,0
82,0,0,0,0
83,0,0,0,0
84,0,0,0,0
85,0,0,0,0
86,0,0,0,0
87,0,0,0,0
88,0,0,0,0
89,0,0,0,0
90,0,0,0,0
91,0,0,0,0
92,0,0,0,0
93,0,0,0,0
94,0,0,0,0
95,0,0,0,0
96,0,0,0,0
97,0,0,0,0
98,0,0,0,0
99,0,0,0,0
100,0,0,0,0
101,0,0,0,0
102,0,0,0,0
103,0,0,0,0
104,0,0,0,0
105,0,0,0,0
106,0,0,0,0
107,0,0,0,0
108,0,0,0,0
109,0,0,0,0
110,0,0,0,0
111,0,0,0,0
112,0,0,0,0
113,0,0,0,0
114,0,0,0,0
115,0,0,0,0
116,0,0,0,0
117,0,0,0,0
118,0,0,0,0
119,0,0,0,0
120,0,0,0,0
121,0,0,0,0
122,0,0,0,0
123,0,0,0,0
124,0,0,0,0
125,0,0,0,0
126,0,0,0,0
127,0,0,0,0
128,0,0,0,0
129,0,0,0,0
130,0,0,0,0
131,0,0,0,0
132,0,0,0,0
133,0,0,0,0
134,0,0,0,0
135,0,0,0,0
136,0,0,0,0
137,0,0,0,0
138,0,0,0,0
139,0,0,0,0
140,0,0,0,0
141,0,0,0,0
142,0,0,0,0
143,0,0,0,0
144,0,0,0,0
145,0,0,0,0
146,0,0,0,0
147,0,0,0,0
148,0,0,0,0
149,0,0,0,0
150,0,0,0,0
151,0,0,0,0
152,0,0,0,0
153,0,0,0,0
154,0,0,0,0
155,0,0,0,0
156,0,0,0,0
157,0,0,0,0
158,0,0,0,0
159,0,0,0,0
160,0,0,0,0
161,0,0,0,0
162,0,0,0,0
163,0,0,0,0
164,0,0,0,0
165,0,0,0,0
166,0,0,0,0
167,0,0,0,0
168,0,0,0,0
169,0,0,0,0
170,0,0,0,0
171,0,0,0,0
172,0,0,0,0
173,0,0,0,0
174,0,0,0,0
175,0,0,0,0
176,0,0,0,0
177,0,0,0,0
178,0,0,0,0
179,0,0,0,0
180,0,0,0,0
181,0,0,0,0
182,0,0,0,0
183,0,0,0,0
184,0,0,0,0
185,0,0,0,0
186,0,0,0,0
187,0,0,0,0
188,0,0,0,0
189,0,0,0,0
190,0,0,0,0
191,0,0,0,0
192,0,0,0,0
193,0,0,0,0
194,0,0,0,0
195,0,0,0,0
196,0,0,0,0
197,0,0,0,0
198,0,0,0,0
199,0,0,0,0
200,0,0,0,0
201,0,0,0,0
202,0,0,0,0
203,0,0,0,0
204,0,0,0,0
205,0,0,0,0
206,0,0,0,0
207,0,0,0,0
208,0,0,0,0
209,0,0,0,0
210,0,0,0,0
211,0,0,0,0
212,0,0,0,0
213,0,0,0,0
214,0,0,0,0
215,0,0,0,0
216,0,0,0,0
217,0,0,0,0
218,0,0,0,0
219,0,0,0,0
220,0,0,0,0
221,0,0,0,0
222,0,0,0,0
223,0,0,0,0
224,0,0,0,0
225,0,0,0,0
226,0,0,0,0
227,0,0,0,0
228,0,0,0,0
229,0,0,0,0
230,0,0,0,0
231,0,0,0,0
232,0,0,0,0
233,0,0,0,0
234,0,0,0,0
235,0,0,0,0
236,0,0,0,0
237,0,0,0,0
238,0,0,0,0
239,0,0,0,0
240,0,0,0,0
241,0,0,0,0
242,0,0,0,0
243,0,0,0,0
244,0,0,0,0
245,0,0,0,0
246,0,0,0,0
247,0,0,0,0
248,0,0,0,0
249,0,0,0,0
250,0,0,0,0
251,0,0,0,0
252,0,0,0,0
253,0,0,0,0
254,0,0,0,0
255,0,0,0,0
256,0,0,0,0
257,0,0,0,0
258,0,0,0,0
259,0,0,0,0
260,0,0,0,0
261,0,0,0,0
262,0,0,0,0
263,0,0,0,0
264,0,0,0,0
265,0,0,0,0
266,0,0,0,0
267,0,0,0,0
268,0,0,0,0
269,0,0,0,0
270,0,0,0,0
271,0,0,0,0
272,0,0,0,0
273,0,0,0,0
274,0,0,0,0
275,0,0,0,0
276,0,0,0,0
277,0,0,0,0
278,0,0,0,0
279,0,0,0,0
280,0,0,0,0
281,0,0,0,0
282,0,0,0,0
283,0,0,0,0
284,0,0,0,0
285,0,0,0,0
286,0,0,0,0
287,0,0,0,0
288,0,0,0,0
289,0,0,0,0
290,0,0,0,0
291,0,0,0,0
292,0,0,0,0
293,0,0,0,0
294,0,0,0,0
295,0,0,0,0
296,0,0,0,0
297,0,0,0,0
298,0,0,0,0
299,0,0,0,0
300,0,0,0,0
301,0,0,0,0
302,0,0,0,0
303,0,0,0,0
304,0,0,0,0
305,0,0,0,0
306,0,0,0,0
307,0,0,0,0
308,0,0,0,0
309,0,0,0,0
310,0,0,0,0
311,0,0,0,0
312,0,0,0,0
313,0,0,0,0
314,0,0,0,0
315,0,0,0,0
316,0,0,0,0
317,0,0,0,0
318,0,0,0,0
319,0,0,0,0
320,0,0,0,0
321,0,0,0,0
322,0,0,0,0
323,0,0,0,0
324,0,0,0,0
325,0,0,0,0
326,0,0,0,0
327,0,0,0,0
328,0,0,0,0
329,0,0,0,0
330,0,0,0,0
331,0,0,0,0
332,0,0,0,0
333,0,0,0,0
334,0,0,0,0
335,0,0,0,0
336,0,0,0,0
337,0,0,0,0
338,0,0,0,0
339,0,0,0,0
340,0,0,0,0
341,0,0,0,0
342,0,0,0,0
343,0,0,0,0
344,0,0,0,0
345,0,0,0,0
346,0,0,0,0
347,0,0,0,0
348,0,0,0,0
349,0,0,0,0
350,0,0,0,0
351,0,0,0,0
352,0,0,0,0
353,0,0,0,0
354,0,0,0,0
355,0.9999999575770625,1.010311027572817E-8,2.646277859946615E-8,5.857048615718522E-9
356,5.851099346340512E-9,2.994058343010998E-8,7.573119951563713E-9,0.9999999566351973
357,2.64946198072221E-8,9.390205545010726E-9,0.9999999565288007,7.586373953843033E-9
358,0.9999999573431848,1.015350979064325E-8,2.661767471630974E-8,5.885630638305835E-9
359,1.00943827458117E-8,0.9999999505426471,9.375632169774955E-9,2.998733798584485E-8
360,1.00943827458117E-8,0.9999999505426471,9.375632169774955E-9,2.998733798584485E-8
361,0.9999999572431992,1.017505402872635E-8,2.668389846850875E-8,5.897848285038563E-9
362,5.851099346340512E-9,2.994058343010998E-8,7.573119951563713E-9,0.9999999566351973
363,1.00943827458117E-8,0.9999999505426471,9.375632169774955E-9,2.998733798584485E-8
364,3.88263808666379E-8,0.9999997871275342,3.591875423286924E-8,1.381273307213829E-7
365,5.851099346340512E-9,2.994058343010998E-8,7.573119951563713E-9,0.9999999566351973
366,7.454057101195678E-9,4.014588921732683E-8,9.659846867086494E-9,0.9999999427402068
367,6.727267974254948E-9,3.55166028665542E-8,8.71370175337801E-9,0.9999999490424274
368,5.851099346340512E-9,2.994058343010998E-8,7.573119951563713E-9,0.9999999566351973
369,3.795371007675279E-8,0.9999997921029415,3.511264026115637E-8,1.348307081228526E-7
370,2.240204118658789E-8,0.999999880553665,2.074573419251389E-8,7.629855964073409E-8
371,6.023496572012496E-9,3.103770504891634E-8,7.797543624290173E-9,0.9999999551412547
372,8.504962237059586E-9,4.683110190119127E-8,1.102788105925718E-8,0.9999999336360548
373,0.999999956085494,1.042452480564234E-8,2.745065698240307E-8,6.039324229502332E-9
374,1.010197413257894E-8,0.999999950499485,9.38264531502745E-9,3.001589551862006E-8
375,6.03022742018415E-9,3.108054398455529E-8,7.806305749602576E-9,0.9999999550829228
376,0.9999999572422198,1.017526480402059E-8,2.668454757404876E-8,5.897967781526896E-9
377,5.851099346340512E-9,2.994058343010998E-8,7.573119951563713E-9,0.9999999566351973
378,4.66790965721901E-8,1.538131744941168E-8,0.9999999255588763,1.238070970945012E-8
379,4.947473751399489E-8,1.621389590553485E-8,0.9999999212642619,1.304710468199733E-8
380,5.862410157767758E-9,3.001256364536513E-8,7.587844161733288E-9,0.999999956537182
381,2.142781553951397E-8,1.291099142487334E-7,2.785085187119441E-8,0.9999998216114183
382,0.9999999573712424,1.014746336585761E-8,2.659909262303496E-8,5.882201634552563E-9
383,5.851099346340512E-9,2.994058343010998E-8,7.573119951563713E-9,0.9999999566351973
384,3.459027958720131E-8,2.161351007493466E-7,4.500464556965926E-8,0.9999997042699741
385,6.084014279162008E-9,3.142285857311643E-8,7.876324649855371E-9,0.9999999546168025
386,1.014398066550245E-8,0.9999999502606488,9.421452171853286E-9,3.017391833141169E-8
387,0.9999993423039481,1.128530287470463E-7,4.846202360577684E-7,6.02227871500554E-8
388,5.851099346340512E-9,2.994058343010998E-8,7.573119951563713E-9,0.9999999566351973
389,0.9999999572496854,1.017365646031947E-8,2.667960243609182E-8,5.897055733087402E-9
390,1.034094390250509E-8,0.9999999491407672,9.603412480847549E-9,3.091487638938409E-8
391,5.85694654288295E-9,2.997779387263645E-8,7.580731725363635E-9,0.9999999565845279
392,5.851099346340512E-9,2.994058343010998E-8,7.573119951563713E-9,0.9999999566351973
393,1.064170920160484E-6,0.03542849386538545,1.475665827312821E-6,0.964568966297867
394,1.978882212888283E-7,5.808391053444107E-8,0.9999996975775397,4.645032842789071E-8
395,4.448400607128437E-8,1.473347193251203E-8,0.9999999289200707,1.186245123743468E-8
396,5.928070557391159E-9,3.043042355948832E-8,7.673319728961907E-9,0.9999999559681861
397,5.880025338922699E-9,3.01246637787592E-8,7.610775286077514E-9,0.9999999563845357
398,2.64946198072221E-8,9.390205545010726E-9,0.9999999565288007,7.586373953843033E-9
399,1.013806811091171E-8,0.9999999502942661,9.415989983998484E-9,3.015167578167342E-8
400,0.9999997366809009,5.74386968494344E-8,1.732137840043607E-7,3.266661827363943E-8
401,5.851099346340512E-9,2.994058343010998E-8,7.573119951563713E-9,0.9999999566351973
402,6.420572287556246E-8,2.058839700309205E-8,0.9999998986580204,1.654785976221156E-8
403,0.9999999485250948,1.205370419213962E-8,3.2457961013915E-8,6.963240051369331E-9
404,0.9999998806320456,2.667413764570885E-8,7.744053002676266E-8,1.525328669734456E-8
405,2.779905525589059E-7,7.006405466131568E-8,0.9999995964643667,5.548102611703641E-8
406,2.682055057288651E-8,9.487034024651251E-9,0.9999999560285512,7.663864187692025E-9
407,1.01255659124761E-8,0.9999999503653476,9.404440076412775E-9,3.010464634778985E-8
408,8.034238145891405E-8,9.163972835987495E-7,1.069642923456673E-7,0.9999988962960426
409,6.912381460468507E-8,2.204927612435513E-8,0.9999998911099416,1.771696768103767E-8
410,1.627744882824538E-8,0.9999999153791932,1.508767612606848E-8,5.325568186013445E-8
411,6.242822927667936E-8,0.9999996420793149,5.765558077588763E-8,2.378368750269641E-7
412,1.013279867085826E-8,0.999999950324226,9.411121918636877E-9,3.01318534210139E-8
413,3.921447588130648E-8,0.9999997849221708,3.627729528516578E-8,1.395860580388914E-7
414,6.184308271055463E-7,0.9999900302211572,5.318955563016557E-7,8.819452459381408E-6
415,0.9999999554728727,1.055652050184279E-8,2.785642944513573E-8,6.114177404279242E-9
416,5.851099346340512E-9,2.994058343010998E-8,7.573119951563713E-9,0.9999999566351973
417,2.64946198072221E-8,9.390205545010726E-9,0.9999999565288007,7.586373953843033E-9
418,0.999999956085494,1.042452480564234E-8,2.745065698240307E-8,6.039324229502332E-9
419,0.9999999553127599,1.05910151844429E-8,2.796248650359614E-8,6.133738491891643E-9
420,0.9999993265470331,1.150154033185624E-7,4.97149853819167E-7,6.128770976565795E-8
421,2.767574082571843E-8,9.741099236020445E-9,0.9999999547159715,7.86718851200218E-9
422,0.9999999569600097,1.023607996505042E-8,2.687145379927654E-8,5.932456638385496E-9
423,0.9999987332694296,1.924426009868538E-7,9.756976416175879E-7,9.859032778263974E-8
424,1.830909281869323E-7,5.550000190075664E-8,0.9999997169412145,4.446785538250548E-8
425,1.68596867103011E-7,0.9999985307108525,1.525921391704352E-7,1.148100141161664E-6
426,0.9999930495268818,6.676888469280725E-7,6.013428939770854E-6,2.693553315001599E-7
427,0,0,0,0
428,0,0,0,0
429,0,0,0,0
430,0,0,0,0
431,0,0,0,0
432,0,0,0,0
433,0,0,0,0
434,0,0,0,0
435,0,0,0,0
436,0,0,0,0
437,0,0,0,0
438,0,0,0,0
439,0,0,0,0
440,0,0,0,0
441,0,0,0,0
442,0,0,0,0
443,0,0,0,0
444,0,0,0,0
445,0,0,0,0
446,0,0,0,0
447,0,0,0,0
448,0.9999995576615947,8.325369844727296E-8,3.134483080034232E-7,4.563639892801643E-8
449,0.9999988791832555,1.762643184722251E-7,8.531309224862165E-7,9.142150361168574E-8
450,3.729486465259059E-7,0.9999947437911576,3.253551010342282E-7,4.557905094847366E-6
451,0,0,0,0
452,0,0,0,0
453,0,0,0,0
454,0,0,0,0
455,0,0,0,0
456,0,0,0,0
457,0,0,0,0
458,0,0,0,0
459,0,0,0,0
460,0,0,0,0
461,0,0,0,0
462,0,0,0,0
463,0.9999930752942662,6.653141784518171E-7,5.990888611225257E-6,2.685029441032447E-7
464,3.955068244688613E-8,2.91876164331279E-7,5.172119347704069E-8,0.9999996168519597
465,1.802328011773658E-7,0.9999984019340709,1.6295486602887E-7,1.254878261991635E-6
466,0,0,0,0
467,0,0,0,0
468,0,0,0,0
469,7.274034655055596E-8,0.9999995343737346,6.687820889989336E-8,3.260077100089145E-7
470,2.01430449337154E-7,5.861020400942847E-8,0.9999996931126213,4.684672534043757E-8
471,0.9999978861200078,2.633735683681264E-7,1.72639629462501E-6,1.241101291436741E-7
472,0,0,0,0
473,0,0,0,0
474,0,0,0,0
475,0,0,0,0
476,0,0,0,0
477,0,0,0,0
478,0,0,0,0
479,0,0,0,0
480,0,0,0,0
481,0,0,0,0
482,0,0,0,0
483,0,0,0,0
484,0,0,0,0
485,0,0,0,0
486,0,0,0,0
487,0,0,0,0
488,0,0,0,0
489,0,0,0,0
490,3.385860702448514E-8,1.157600575778511E-8,0.9999999452298437,9.335543548808087E-9
491,1.797530684553841E-7,5.355398647150688E-8,0.999999723827425,4.286552011587022E-8
492,0.9999988023050875,1.858155519419291E-7,9.159615311744164E-7,9.591782939365177E-8
493,0,0,0,0
494,0,0,0,0
495,0,0,0,0
496,3.484840232102006E-8,0.9999998097116293,3.224357464559331E-8,1.231963937777497E-7
497,0.9999997262736112,5.951171222153083E-8,1.803946400910663E-7,3.382003647119298E-8
498,0.9999988761957349,1.766761265619933E-7,8.555034502674374E-7,9.162468822235976E-8
499,0,0,0,0
500,0,0,0,0
501,0,0,0,0
502,0,0,0,0
503,0,0,0,0
504,0,0,0,0
505,0,0,0,0
506,0,0,0,0
507,0,0,0,0
508,0,0,0,0
509,0,0,0,0
510,0,0,0,0
511,0,0,0,0
512,0,0,0,0
513,0,0,0,0
514,0,0,0,0
515,0,0,0,0
516,0,0,0,0
517,0,0,0,0
518,0,0,0,0
519,0,0,0,0
520,0,0,0,0
521,0,0,0,0
522,0,0,0,0
523,3.977427089424051E-8,1.33330116196116E-8,0.9999999361510917,1.074162573885987E-8
524,3.28526096243753E-8,1.127883082973119E-8,0.9999999467707605,9.097798980750202E-9
525,4.497324490358778E-8,3.748672113970186E-7,5.906465512720454E-8,0.9999995210948885
526,3.348644772167776E-7,7.856614272039106E-8,0.9999995246798068,6.188957327638778E-8
527,1.726982327144475E-7,5.264112433948946E-8,0.9999997324699278,4.21907151389131E-8
528,7.976827885731137E-8,0.9999994608936158,7.316315620584815E-8,3.861749491140225E-7
529,9.183895070927017E-8,1.093241510854629E-6,1.225387473564761E-7,0.9999986923807911
530,5.92695705278107E-9,3.042333604444961E-8,7.671870180849916E-9,0.9999999559778368
531,3.972017894235587E-7,8.787995820135707E-8,0.9999994460087719,6.890948054419689E-8
532,1.183447289466609E-7,3.66374298655076E-8,0.9999998156278425,2.938999871453777E-8
533,5.054715150001852E-8,0.9999997203500411,4.67458955553004E-8,1.823569118262086E-7
534,1.831254337381954E-7,0.9999983728857907,1.655489246200125E-7,1.278439850866046E-6
535,0,0,0,0
536,0,0,0,0
537,0,0,0,0
538,0,0,0,0
539,0,0,0,0
540,0,0,0,0
541,0,0,0,0
542,0,0,0,0
543,0,0,0,0
544,0,0,0,0
545,0,0,0,0
546,0,0,0,0
547,0,0,0,0
548,0,0,0,0
549,0,0,0,0
550,0,0,0,0
551,0,0,0,0
552,0,0,0,0
553,0,0,0,0
554,0,0,0,0
555,0,0,0,0
556,0,0,0,0
557,0,0,0,0
558,0,0,0,0
559,0,0,0,0
560,0,0,0,0
561,0,0,0,0
562,3.54673154134366E-8,2.295753298870167E-7,4.61924662553393E-8,0.9999996887648884
563,0.9999997137513468,6.17879877124614E-8,1.894049832000164E-7,3.505568235080849E-8
564,6.479287967437711E-7,0.9999894635032954,5.567125442558816E-7,9.331855363517582E-6
565,0,0,0,0
566,0,0,0,0
567,0,0,0,0
568,0,0,0,0
569,0,0,0,0
570,0,0,0,0
571,5.992793812460667E-8,0.9999996654421708,5.540240318372186E-8,2.192274878802829E-7
572,1.401087017640755E-8,0.9999999282716383,1.29937781586051E-8,4.472371332637329E-8
573,0.999994775450212,5.234185446133959E-7,4.483600141586868E-6,2.175311018364199E-7
574,1.804724266844271E-7,5.483077227719844E-8,0.999999720759398,4.393740304994849E-8
575,3.273839698425442E-7,7.744578979849696E-8,0.9999995341253523,6.104488807624592E-8
576,1.001044852600015E-7,1.363226592945253E-6,1.345882128504597E-7,0.9999984020807089
577,9.474312303457348E-7,1.692586119849357E-7,0.9999987531466633,1.30163494374273E-7
578,4.599254191655636E-8,3.904706395213865E-7,6.044504964589287E-8,0.9999995030917689
579,6.352398469249612E-6,5.887721334368689E-7,0.9999926506746437,4.081547535945537E-7
580,6.411881724750457E-8,0.9999996245441803,5.916831340999686E-8,2.521686889781976E-7
581,1.323281549362301E-7,4.080486968366317E-8,0.9999997941412213,3.272575408521857E-8
582,8.075934639172986E-7,1.491434188574506E-7,0.9999989281840421,1.150790751532734E-7
583,0,0,0,0
584,0,0,0,0
585,0,0,0,0
586,0.9999997648874043,5.157101396145995E-8,1.541750097715817E-7,2.936657201751123E-8
587,6.01572901104285E-8,0.9999996643898056,5.561584421253298E-8,2.198370601151637E-7
588,6.066837303574308E-8,0.9999996601446276,5.607970060210221E-8,2.231072988067482E-7
589,2.087949339425741E-8,0.9999998892184119,1.933920987661555E-8,7.056288489492407E-8
590,0.9999999449133572,1.283152815534923E-8,3.485082746109498E-8,7.40428719981592E-9
591,2.529650611266774E-7,7.9045060019165E-6,3.666637039682654E-7,0.999991475865233
592,1.394953206387231E-7,4.291152029755407E-8,0.9999997831825518,3.441060725675778E-8
593,3.302902904140327E-8,1.133154034217212E-8,0.999999946499435,9.139995589621671E-9
594,7.548011572060233E-7,1.412948007089288E-7,0.9999989947366947,1.091673473631234E-7
595,0.9999997224522988,6.052319605676992E-8,1.826062440863032E-7,3.441826099177038E-8
596,5.486492466074378E-8,0.9999996957010929,5.073416408311896E-8,1.986998183459474E-7
597,8.823869890467226E-8,1.037808713359368E-6,1.176611567340172E-7,0.999998756291431
598,6.256518594864797E-8,0.9999996407909094,5.77789476817928E-8,2.388649569236187E-7
599,3.440037465681139E-8,2.133813008721218E-7,4.47483640401871E-8,0.9999997074699605
600,5.609069222705037E-6,5.311897892956042E-7,0.9999934897219678,3.70019020169935E-7
601,4.183601710729058E-8,1.394740028617784E-8,0.9999999329831832,1.1233399383469E-8
602,0.9999997807907496,4.818208245279912E-8,1.435774957822073E-7,2.744967221859907E-8
603,8.017258123103445E-7,1.482826090179843E-7,0.9999989355597408,1.144318378121543E-7
604,0.9999995615283412,8.272310299691161E-8,3.103734530613895E-7,4.537510274506039E-8
605,8.209907235694229E-7,1.511395699093454E-7,0.9999989112866589,1.165830476440577E-7
606,2.249789113923872E-6,0.9875197408439438,2.387148289377613E-6,0.01247562221865288
607,3.666861075582376E-6,3.807329534722655E-7,0.999995682032427,2.703735440410205E-7
608,4.549364248942731E-8,3.828345772922027E-7,5.976941600633452E-8,0.9999995119023643
609,5.131002605880979E-6,4.941556322435178E-7,0.9999940293499166,3.454918452787466E-7
610,0.9999996479426677,7.084285728779373E-8,2.416945586023765E-7,3.95199163997233E-8
611,0.9999996540044843,7.001080111386583E-8,2.368746059735881E-7,3.911010854177072E-8
612,2.531156399599017E-7,7.913718906564765E-6,3.669108551771436E-7,0.9999914662545983
613,2.398863808326617E-7,6.436630211719641E-8,0.9999996445611803,5.118613671309656E-8
614,1.88170339009349E-7,5.651020834775146E-8,0.999999710066649,4.525280363502983E-8
615,1.141664600866838E-6,1.85069575226557E-7,0.9999985324858319,1.407799919937899E-7
616,6.031428628055018E-8,0.9999996626508196,5.575563880087947E-8,2.212792552411792E-7
617,5.968911630118006E-8,0.9999996669212899,5.518252377607893E-8,2.182070699908342E-7
618,4.066694755944212E-7,0.9999940963073797,3.537266671505329E-7,5.143296477623588E-6
619,0,0,0,0
620,0,0,0,0
621,0,0,0,0
622,0.9999993685878791,1.087443140154785E-7,4.645726122519908E-7,5.809519464311922E-8
623,0.9999930965091202,6.632315895347731E-7,5.972709253190332E-6,2.675500371675357E-7
624,1.680840935337348E-6,2.263920562042526E-7,0.9999979247043598,1.680626487206775E-7
625,8.053882300716224E-7,1.473373781791095E-7,0.9999989337019014,1.13572490293601E-7
626,9.535555363105513E-8,0.9999992971795646,8.709806071747293E-8,5.203668210796619E-7
627,0.9999927898746276,6.856946237038492E-7,6.250032286140319E-6,2.743984625642441E-7
628,0,0,0,0
629,0,0,0,0
630,0,0,0,0
631,2.215910055316533E-7,6.16031321375903E-8,0.9999996677051396,4.910072270954921E-8
632,2.109949192440267E-7,5.999862372896965E-8,0.9999996811170705,4.788938650940163E-8
633,2.530060068309866E-7,7.906532423093274E-6,3.667277342045139E-7,0.9999914737338359
634,0,0,0,0
635,0,0,0,0
636,0,0,0,0
637,9.284923332127015E-8,1.112570820573669E-6,1.239299834864909E-7,0.9999986706499626
638,5.954368272673055E-8,0.9999996660313349,5.503753240824016E-8,2.193874499541339E-7
639,0.9998893206567366,7.835791887972287E-6,0.000100578157905065,2.265393470280964E-6
640,0.999999243013537,1.264827423150605E-7,5.635678150208123E-7,6.693590562944401E-8
641,2.174695339292455E-7,6.101098092588999E-8,0.9999996728628582,4.865662695203631E-8
642,0.9999930063589687,6.70779855126608E-7,6.052594827828311E-6,2.702663482930592E-7
643,0.003485739474752458,5.241408920397281E-7,0.9965135049586328,2.314257226854373E-7
644,4.40744580754165E-7,9.437066849226124E-8,0.9999993910846405,7.380011027186501E-8
645,1.445138435732043E-7,0.9999987829308071,1.310577031203745E-7,9.414976461381355E-7
646,0,0,0,0
647,0,0,0,0
648,0,0,0,0
649,0,0,0,0
650,0,0,0,0
651,0,0,0,0
652,6.657389545074374E-7,0.006939916114798442,9.596255089285511E-7,0.9930584585207382
653,9.736714974354317E-9,5.467429572456955E-8,1.26313810275026E-8,0.9999999229576083
654,1.132214507868958E-6,1.842959936241197E-7,0.9999985432297206,1.402597778663854E-7
655,0.9999983031004744,2.28520168107992E-7,1.356788506070786E-6,1.115908513273635E-7
656,5.265537765590024E-8,0.9999997081893166,4.869245828734179E-8,1.904628474380001E-7
657,0.9998877393156607,7.942102204579662E-6,0.0001020235703663013,2.295011768447138E-6
658,0,0,0,0
659,0,0,0,0
660,0,0,0,0
661,0,0,0,0
662,0,0,0,0
663,0,0,0,0
664,0,0,0,0
665,0,0,0,0
666,0,0,0,0
667,0,0,0,0
668,0,0,0,0
669,0,0,0,0
670,0,0,0,0
671,0,0,0,0
672,0,0,0,0
673,0,0,0,0
674,0,0,0,0
675,0,0,0,0
676,0,0,0,0
677,0,0,0,0
678,0,0,0,0
679,0,0,0,0
680,0,0,0,0
681,0,0,0,0
682,3.534588121716735E-8,2.276076138963014E-7,4.602737428860829E-8,0.9999996910191306
683,5.924292328512638E-8,0.9999996697625181,5.477220285921371E-8,2.162223557939377E-7
684,0.05739763176082512,0.000146496458123643,0.9423931940538634,0.0000626777271878893
685,9.591860015222833E-8,1.186283494519308E-6,1.282461435305246E-7,0.9999985895517618
686,1.403223156720103E-8,8.202129261301223E-8,1.822327159072694E-8,0.9999998857232042
687,8.060842801881382E-7,1.488833214484632E-7,0.9999989301527681,1.148796302561484E-7
688,2.088605105404694E-7,5.972892949117428E-8,0.9999996837198324,4.769072762042425E-8
689,5.024418951471043E-8,0.9999997220654292,4.646596610408026E-8,1.812244152057631E-7
690,2.526085160623327E-7,7.889239055897253E-6,3.661223284914917E-7,0.9999914920300995
691,1.552416673964099E-7,4.747710679364388E-8,0.9999997592221506,3.805907522324925E-8
692,0.9999997819072023,4.789277350735244E-8,1.429207970463026E-7,2.727922717002761E-8
693,1.695740017130927E-7,0.9999985209230047,1.534685645574161E-7,1.156034429109729E-6
694,0.9999999556895856,1.05098094201344E-8,2.771291927179846E-8,6.08768575321864E-9
695,1.073381826741511E-8,0.9999999469066427,9.966359003567663E-9,3.239317997585888E-8
696,2.554893701519804E-7,8.092057048920865E-6,3.71027682222553E-7,0.9999912814258987
697,2.563247185214139E-8,1.558812278291394E-7,3.332447704795564E-8,0.9999997851618233
698,7.663431277159628E-9,4.147514078506386E-8,9.932387775679238E-9,0.9999999409290402
699,5.786357278485749E-7,0.9999907943277357,4.984133062981036E-7,8.128623230068526E-6
700,3.81261013190542E-8,1.284547687076153E-8,0.9999999386768628,1.035155907266767E-8
701,0.9999997830578382,4.767388813310498E-8,1.421093741419416E-7,2.715889952989433E-8
702,0.9999986262700443,2.014341896709927E-7,1.070459303492868E-6,1.018364625443679E-7
703,0,0,0,0
704,0,0,0,0
705,0,0,0,0
706,1.153684496136958E-8,0.9999999423407615,1.070821768180385E-8,3.541417587220388E-8
707,0.9999997463081808,5.54989393691146E-8,1.666086658837987E-7,3.158421393341229E-8
708,0.00005720889915178427,0.9460148578922838,0.00006223810044112183,0.05386569510812336
709,2.006112615247983E-7,5.847502919059681E-8,0.9999996941700642,4.674364515048773E-8
710,7.499537751595481E-9,4.043171337183678E-8,9.719031590253296E-9,0.9999999423497173
711,5.903944020996429E-6,5.540326681458367E-7,0.9999931568757983,3.85147512583794E-7
712,0.9999995953372852,7.807520201368352E-8,2.835030995113549E-7,4.308441331110333E-8
713,6.005897812647402E-9,3.092573235927026E-8,7.774634012122015E-9,0.9999999552937359
714,0.9999930415350959,6.683242226324191E-7,6.020569694237427E-6,2.695709872052517E-7
715,2.874962558093403E-8,1.006011672558662E-8,0.9999999530677655,8.122492217881818E-9
716,0.9999998841198345,2.592895214354891E-8,7.511968848661497E-8,1.483152486759297E-8
717,0.9999987754031946,1.887257528452751E-7,9.386823221667912E-7,9.718873039283744E-8
718,2.879465790246252E-8,1.007337459468926E-8,0.9999999529988709,8.133096595322094E-9
719,0.9999996322803439,7.299766837280207E-8,2.541397518565804E-7,4.058223586087016E-8
720,7.509209095018086E-7,1.407040737293855E-7,0.9999989996539865,1.0872103024355E-7
721,6.201101848822997E-8,0.9999996465765857,5.728331418123606E-8,2.341290816331583E-7
722,3.157796930859135E-8,1.940837808007874E-7,4.106636782771176E-8,0.9999997332718821
723,6.480103037900865E-6,5.970821706186651E-7,0.9999925095830943,4.132316972152746E-7
724,1.231947006583816E-7,2.350951028957837E-6,1.696420027154452E-7,0.9999973562122677
725,2.570290174866725E-8,1.563407059058806E-7,3.341622756114453E-8,0.9999997845401648
726,1.069810733893214E-6,1.794614640316136E-7,0.9999986136699238,1.370578782815105E-7
727,1.733264812020059E-7,5.277238925488045E-8,0.9999997316079746,4.229315493910251E-8
728,0.9999998416785808,3.503743557802777E-8,1.032918497040421E-7,1.999213391770144E-8
729,3.395498572954601E-7,0.00001440971698055776,5.168308715731161E-7,0.9999847339022906
730,1.848220521732216E-7,5.571302199721799E-8,0.9999997148407896,4.462413623084922E-8
731,0.9999996824858195,6.609130630528749E-8,2.142452866020921E-7,3.717758764740471E-8
732,8.466682505691493E-7,1.546314730906533E-7,0.9999988795192704,1.191810059676308E-7
733,2.92329265408842E-8,1.020370829843385E-8,0.9999999523259585,8.237406705768382E-9
734,0.9999997388672233,5.698704534238743E-8,1.717326982794835E-7,3.241303312325049E-8
735,6.341680343669005E-7,0.9999897280447765,5.451363032771178E-7,9.092650885912741E-6
736,6.125636675482806E-8,0.9999996543109478,5.660747784022452E-8,2.278252076159626E-7
737,0.9999997029791831,6.325669930612008E-8,1.979870916274362E-7,3.577702598729114E-8
738,6.299582513985338E-6,5.84676644452691E-7,0.9999927102995544,4.054412871375107E-7
739,0.9999997085215578,6.249788639614413E-8,1.93576864489502E-7,3.54036912916659E-8
740,0.9999989296344456,1.69431074056771E-7,8.128594415509712E-7,8.807503879665198E-8
741,0.9999930502408565,6.676357191956828E-7,6.012784652484048E-6,2.693387718227319E-7
742,0,0,0,0
743,0,0,0,0
744,0,0,0,0
745,0,0,0,0
746,0,0,0,0
747,0,0,0,0
748,0,0,0,0
749,0,0,0,0
750,0,0,0,0
751,0,0,0,0
752,0,0,0,0
753,0,0,0,0
754,0,0,0,0
755,0,0,0,0
756,0,0,0,0
757,0,0,0,0
758,0,0,0,0
759,0,0,0,0
760,0,0,0,0
761,0,0,0,0
762,0,0,0,0
763,0,0,0,0
764,0,0,0,0
765,0,0,0,0
766,0,0,0,0
767,0,0,0,0
768,0,0,0,0
769,0,0,0,0
770,0,0,0,0
771,0,0,0,0
772,0,0,0,0
773,0,0,0,0
774,0,0,0,0
775,0,0,0,0
776,0,0,0,0
777,0,0,0,0
778,0,0,0,0
779,0,0,0,0
780,0,0,0,0
781,0,0,0,0
782,0,0,0,0
783,0,0,0,0
784,0,0,0,0
785,0,0,0,0
786,0,0,0,0
787,0,0,0,0
788,0,0,0,0
789,0,0,0,0
790,0,0,0,0
791,0,0,0,0
792,0,0,0,0
793,0,0,0,0
794,0,0,0,0
795,0,0,0,0
796,0,0,0,0
797,0,0,0,0
798,0,0,0,0
799,0,0,0,0
800,0,0,0,0
801,0,0,0,0
802,0,0,0,0
803,0,0,0,0
804,0,0,0,0
805,0,0,0,0
806,0,0,0,0
807,0,0,0,0
808,0,0,0,0
809,0,0,0,0
810,0,0,0,0
811,0,0,0,0
812,0,0,0,0
813,0,0,0,0
814,0,0,0,0
815,0,0,0,0
816,0,0,0,0
817,0,0,0,0
818,0,0,0,0
819,0,0,0,0
820,0,0,0,0
821,0,0,0,0
822,0,0,0,0
823,0,0,0,0
824,0,0,0,0
825,0,0,0,0
826,0,0,0,0
827,0,0,0,0
828,0,0,0,0
829,0,0,0,0
830,0,0,0,0
831,0,0,0,0
832,1.133109491433797E-6,1.842370802422036E-7,0.9999985424570173,1.401964110716417E-7
833,6.549065927540221E-8,6.897785616496713E-7,8.685554657206799E-8,0.9999991578752325
834,2.521283013418869E-7,7.869227951208906E-6,3.653968908778486E-7,0.9999915132468565
835,1.140173192152732E-7,0.9999991024453946,1.037892403810048E-7,6.797480457867737E-7
836,8.963941634884616E-7,1.609897980321278E-7,0.9999988187481589,1.238678795442474E-7
837,0.02211852679179175,0.00001883410771917521,0.9778547616148087,7.877485680443906E-6
838,6.881392631806701E-8,0.9999995754449866,6.336700086403796E-8,2.923740861616965E-7
839,6.072758287833787E-8,0.9999996597013225,5.613373965796201E-8,2.234373548994252E-7
840,6.662789462997041E-7,0.9999890339196728,5.717618953344586E-7,9.728039485644815E-6
841,0.9905754243545725,0.009058242918568609,0.0003049388616464802,0.00006139386521239857
842,0.9999934477786542,6.344048416384476E-7,5.660415036656329E-6,2.574014674820358E-7
843,1.951629102562267E-6,0.0001355678755197191,3.312991182364651E-6,0.9998591675041954
844,0,0,0,0
845,0,0,0,0
846,0,0,0,0
847,0,0,0,0
848,0,0,0,0
849,0,0,0,0
850,0,0,0,0
851,0,0,0,0
852,0,0,0,0
853,0,0,0,0
854,0,0,0,0
855,0,0,0,0
856,0,0,0,0
857,0,0,0,0
858,0,0,0,0
859,0,0,0,0
860,0,0,0,0
861,0,0,0,0
862,0,0,0,0
863,0,0,0,0
864,0,0,0,0
865,0,0,0,0
866,0,0,0,0
867,0,0,0,0
868,0,0,0,0
869,0,0,0,0
870,0,0,0,0
871,4.931674815891678E-6,4.786828873675149E-7,0.99999425440601,3.352362867327697E-7
872,0.9999996050952219,7.668436078616738E-8,2.758316515013485E-7,4.238876575798665E-8
873,0.9999785236407144,1.671558382485954E-6,0.00001925587455744224,5.489263457084999E-7
874,0,0,0,0
875,0,0,0,0
876,0,0,0,0
877,0,0,0,0
878,0,0,0,0
879,0,0,0,0
880,0,0,0,0
881,0,0,0,0
882,0,0,0,0
883,0,0,0,0
884,0,0,0,0
885,0,0,0,0
886,0,0,0,0
887,0,0,0,0
888,0,0,0,0
889,0,0,0,0
890,0,0,0,0
891,0,0,0,0
892,0,0,0,0
893,0,0,0,0
894,0,0,0,0
895,0,0,0,0
896,0,0,0,0
897,0,0,0,0
898,0,0,0,0
899,0,0,0,0
900,0,0,0,0
901,0,0,0,0
902,0,0,0,0
903,0,0,0,0
904,1.063653240116355E-6,1.789015492961842E-7,0.9999986207738983,1.366713122306556E-7
905,0.9999997287496003,5.899435659383253E-8,1.787272826764468E-7,3.352876039529126E-8
906,0.9998895792257012,7.817924007800815E-6,0.000100342432199408,2.260418091623636E-6
907,0.9999997223256082,6.046987928277375E-8,1.828270375868207E-7,3.437747491429199E-8
908,0.9999992622646449,1.238526279656057E-7,5.482396496894963E-7,6.564307745263932E-8
909,6.48694453760546E-7,0.9999894466866381,5.573460667361323E-7,9.347272841335988E-6
910,0.9999932774691931,6.486418349962564E-7,5.811373041589493E-6,2.62515930290514E-7
911,0.9999930611402415,6.667251162880561E-7,6.003122789205148E-6,2.690118530208523E-7
912,9.603034468698802E-8,1.191078739814252E-6,1.284158760291183E-7,0.9999985844750394
913,0.9999996784685393,6.664582869078859E-8,2.17434290891435E-7,3.745134106476376E-8
914,0.9999998183418771,4.008953501197364E-8,1.187083329036734E-7,2.286025498368695E-8
915,9.965360080073525E-7,1.736813766630624E-7,0.9999986965725022,1.332101132030807E-7
916,9.128930559567448E-8,2.862178686126778E-8,0.999999857112656,2.297625151465665E-8
917,0.999999955334171,1.058639864621462E-8,2.794831034493789E-8,6.131120077926608E-9
918,3.500469099526559E-7,0.9999951835330623,3.060863463209295E-7,4.160333681501556E-6
919,0,0,0,0
920,0,0,0,0
921,0,0,0,0
922,0,0,0,0
923,0,0,0,0
924,0,0,0,0
925,0,0,0,0
926,0,0,0,0
927,0,0,0,0
928,0,0,0,0
929,0,0,0,0
930,0,0,0,0
931,0,0,0,0
932,0,0,0,0
933,0,0,0,0
934,0,0,0,0
935,0,0,0,0
936,0,0,0,0
937,0,0,0,0
938,0,0,0,0
939,0,0,0,0
940,1.257433685027435E-7,3.886539278471138E-8,0.9999998042168267,3.117441204045439E-8
941,5.940788352768091E-8,0.999999669329561,5.492772605836954E-8,2.163348294213178E-7
942,0.9999941964670412,5.718184819791036E-7,4.996796316080311E-6,2.349181606658948E-7
943,5.307448203401892E-8,1.728483624036918E-8,0.9999999157364496,1.390423205942474E-8
944,0.9999999400071041,1.388888032877358E-8,3.810008406918215E-8,8.003931443687291E-9
945,1.549709340485898E-7,0.9999986742065439,1.404129641719539E-7,1.030409557945987E-6
946,9.565977297445496E-8,1.18169457242381E-6,1.278918848753649E-7,0.9999985947537697
947,3.441074150811833E-8,2.138058473320891E-7,4.476396330770392E-8,0.9999997070194479
948,3.420122003553927E-7,7.963464625629007E-8,0.9999995156581837,6.269496976018405E-8
949,5.935297384047839E-9,3.047641685670712E-8,7.682727498572782E-9,0.9999999559055582
950,0.9999999366993542,1.460077349789767E-8,4.029233906996683E-8,8.407533294948095E-9
951,2.450494377520899E-7,0.9999971995592746,2.177446471180789E-7,2.337646640597713E-6
952,0.9999989545954495,1.659232272415756E-7,7.931509261650818E-7,8.633039703789325E-8
953,6.106181149014654E-8,0.9999996563711345,5.6433651953638E-8,2.26133402011347E-7
954,0.00001027396797885371,8.317594029480336E-7,0.9999883415815926,5.526910256135379E-7
955,6.570290024578277E-9,3.451770652695809E-8,8.509351199325689E-9,0.9999999504026522
956,1.03552215761148E-8,0.9999999490595578,9.616602418781065E-9,3.096861825574408E-8
957,6.482070554429258E-7,0.9999894581775848,5.569467486350979E-7,9.336668611112859E-6
958,0,0,0,0
959,0,0,0,0
960,0,0,0,0
961,0,0,0,0
962,0,0,0,0
963,0,0,0,0
964,0,0,0,0
965,0,0,0,0
966,0,0,0,0
967,0,0,0,0
968,0,0,0,0
969,0,0,0,0
970,0,0,0,0
971,0,0,0,0
972,0,0,0,0
973,0,0,0,0
974,0,0,0,0
975,0,0,0,0
976,0,0,0,0
977,0,0,0,0
978,0,0,0,0
979,0,0,0,0
980,0,0,0,0
981,0,0,0,0
982,0,0,0,0
983,0,0,0,0
984,0,0,0,0
985,0.9999987863266786,1.876094499991424E-7,9.293454135548659E-7,9.671845780655728E-8
986,2.64946198072221E-8,9.390205545010726E-9,0.9999999565288007,7.586373953843033E-9
987,1.688067151076861E-6,2.274249574904972E-7,0.9999979156713376,1.688365538765942E-7
988,2.64946198072221E-8,9.390205545010726E-9,0.9999999565288007,7.586373953843033E-9
989,5.851099346340512E-9,2.994058343010998E-8,7.573119951563713E-9,0.9999999566351973
990,6.234222463005423E-6,5.796181502645063E-7,0.9999927840669937,4.020923930216463E-7
991,0.9999999573712424,1.014746336585761E-8,2.659909262303496E-8,5.882201634552563E-9
992,5.851099346340512E-9,2.994058343010998E-8,7.573119951563713E-9,0.9999999566351973
993,1.014269150918841E-7,3.160198662537056E-8,0.9999998416113269,2.535977138541782E-8
994,6.195345048820191E-8,0.9999996471469036,5.723163656962208E-8,2.336680093858834E-7
995,5.851099346340512E-9,2.994058343010998E-8,7.573119951563713E-9,0.9999999566351973
996,3.417936123381812E-7,0.9999953419889944,2.991421909835668E-7,4.017075202213488E-6
997,0.9999999575770625,1.010311027572817E-8,2.646277859946615E-8,5.857048615718522E-9
998,2.64946198072221E-8,9.390205545010726E-9,0.9999999565288007,7.586373953843033E-9
999,3.83099639345336E-8,2.728802910727693E-7,5.004091982918941E-8,0.9999996387688251
1000,0.9999999173421682,1.877152072761012E-8,5.311359206258E-8,1.077271900128513E-8
1001,5.532371524306747E-8,1.795063193254425E-8,0.9999999122887092,1.443694365260778E-8
1002,4.055719965393009E-8,3.072749510108648E-7,5.308422770478673E-8,0.9999995990836217
1003,1.053892456476624E-8,0.9999999480150315,9.786312286980795E-9,3.165973168864768E-8
1004,0.9999999485796235,1.204185199667225E-8,3.242201921395312E-8,6.956505280467089E-9
1005,0.9999997220014496,6.057178053591713E-8,1.829873122177861E-7,3.443945765411625E-8
1006,2.841668547426203E-8,9.961215071997117E-9,0.9999999535787562,8.043343289791873E-9
1007,5.896635616501458E-9,3.023037001396383E-8,7.63239825182668E-9,0.9999999562405961
1008,2.02477456868811E-7,5.877279915679976E-8,0.9999996917798913,4.696985267466323E-8
1009,1.00943827458117E-8,0.9999999505426471,9.375632169774955E-9,2.998733798584485E-8
1010,1.00943827458117E-8,0.9999999505426471,9.375632169774955E-9,2.998733798584485E-8
1011,3.122686103892144E-8,1.916818959650316E-7,4.060831870715746E-8,0.9999997364829243
1012,3.087401081516225E-8,1.893478791962016E-7,4.014846519308758E-8,0.9999997396296448
1013,5.851099346340512E-9,2.994058343010998E-8,7.573119951563713E-9,0.9999999566351973
1014,3.918463402564166E-8,1.31580782223701E-8,0.9999999370556472,1.060164062791733E-8
1015,3.140352316730819E-8,1.084843130461167E-8,0.9999999489946835,8.753362028523904E-9
1016,0.9999999575770625,1.010311027572817E-8,2.646277859946615E-8,5.857048615718522E-9
1017,6.292901546140343E-7,1.225373131087728E-7,0.9999991531433553,9.502917692883686E-8
1018,1.00943827458117E-8,0.9999999505426471,9.375632169774955E-9,2.998733798584485E-8
1019,1.00943827458117E-8,0.9999999505426471,9.375632169774955E-9,2.998733798584485E-8
1020,2.549104896895496E-7,8.048568075962003E-6,3.700237286944634E-7,0.9999913264977056
1021,1.00943827458117E-8,0.9999999505426471,9.375632169774955E-9,2.998733798584485E-8
1022,1.00943827458117E-8,0.9999999505426471,9.375632169774955E-9,2.998733798584485E-8
1023,1.95211870607837E-6,0.0001356046711597657,3.313840403995144E-6,0.9998591293697302
1024,6.069871226108583E-8,0.9999996594414032,5.610444109842452E-8,2.237554433982894E-7
1025,5.85694654288295E-9,2.997779387263645E-8,7.580731725363635E-9,0.9999999565845279
1026,2.291473984510594E-7,6.885183429222799E-6,3.305026970795187E-7,0.9999925551664752
1027,2.652424465624436E-8,0.999999857112167,2.45539213682424E-8,9.180966695487553E-8
1028,5.851099346340512E-9,2.994058343010998E-8,7.573119951563713E-9,0.9999999566351973
1029,1.370285059765396E-7,0.9999988619034579,1.243680061007865E-7,8.767000300653614E-7
1030,5.851099346340512E-9,2.994058343010998E-8,7.573119951563713E-9,0.9999999566351973
1031,5.878525038672247E-9,3.011511580772709E-8,7.608822220544573E-9,0.9999999563975369
1032,2.527319899345837E-7,7.89449032457116E-6,3.663096042124117E-7,0.9999914864680813
1033,1.012691588811553E-8,0.9999999503576723,9.405687224507919E-9,3.010972455374867E-8
1034,5.929666888228946E-9,3.044057784083705E-8,7.675397777139589E-9,0.9999999559543575
1035,6.358095217826461E-6,5.892122506348253E-7,0.9999926442466156,4.084459159815839E-7
1036,5.716346896916017E-8,0.9999996827001237,5.285804645850608E-8,2.072783608834045E-7
1037,5.99487986237928E-9,3.085559106992681E-8,7.760290897834871E-9,0.9999999553892381
1038,0.00009120201627896837,5.837694903370468E-6,0.9998994327812744,3.527507543295579E-6
1039,2.64946198072221E-8,9.390205545010726E-9,0.9999999565288007,7.586373953843033E-9
1040,0.9999999575770625,1.010311027572817E-8,2.646277859946615E-8,5.857048615718522E-9
1041,1.932553595247251E-7,5.730058724665801E-8,0.9999997035926626,4.585139073375542E-8
1042,2.682257715528514E-8,9.487642552002099E-9,0.9999999560254288,7.664351486677942E-9
1043,0.9999999575770625,1.010311027572817E-8,2.646277859946615E-8,5.857048615718522E-9
1044,0.9999995277550543,8.736502859796039E-8,3.372172918231591E-7,4.76626253333258E-8
1045,5.851099346340512E-9,2.994058343010998E-8,7.573119951563713E-9,0.9999999566351973
1046,0.9999999565093718,1.033318769381436E-8,2.716991358035516E-8,5.987526976856306E-9
1047,6.111759796666899E-8,0.9999996558483595,5.648391552255547E-8,2.265501270724947E-7
1048,0.9999999222193965,1.772138836407078E-8,4.988191962245851E-8,1.017729547343578E-8
1049,0.9999999558983816,1.046485354076748E-8,2.757456888730902E-8,6.062195927236888E-9
1050,0.9999997418373512,5.655098458071045E-8,1.694192313196876E-7,3.219243286834529E-8
1051,0,0,0,0
1052,0,0,0,0
1053,0,0,0,0
1054,0.9999997300916947,5.892667013448554E-8,1.774622711882834E-7,3.351936394443162E-8
1055,0.9999999036103481,2.172879922833962E-8,6.221127794640405E-8,1.244957470352516E-8
1056,8.483234144347324E-8,9.85376020719262E-7,1.130463403867763E-7,0.9999988167452975
1057,9.563094144486105E-9,5.35660540792942E-8,1.240534493174409E-8,0.9999999244655069
1058,0.9999997121510982,6.19820868601319E-8,1.907207839114155E-7,3.514603105604173E-8
1059,1.685177285922247E-7,0.9999985324338194,1.525267853484256E-7,1.146521666616914E-6
1060,1.868023901581161E-7,0.999998316428005,1.687281695262641E-7,1.32804143539128E-6
1061,7.814198137196881E-9,4.24339933438264E-8,1.012864980962526E-8,0.9999999396231587
1062,0.9902601016081511,4.260522626226795E-6,0.009734315624556253,1.322244666387185E-6
1063,2.680343666440664E-8,9.48195177734047E-9,0.9999999560548145,7.659797043466184E-9
1064,0.9999999306117603,1.591278092749654E-8,4.432385321756032E-8,9.151605572727488E-9
1065,9.838812396689128E-8,1.289740756267422E-6,1.31982174508614E-7,0.9999984798889453
1066,1.797343282137179E-7,5.455033814737221E-8,0.9999997220052391,4.371009451873035E-8
1067,5.641998503575835E-8,0.9999996868797666,5.217089964106715E-8,2.045293486889002E-7
1068,1.267282074681071E-6,0.00008413477882623898,2.125987498740663E-6,0.9999124719516004
1069,1.760705569193569E-7,5.361434722395007E-8,0.9999997273468759,4.296821997340026E-8
1070,5.584181464090076E-8,0.9999996902126644,5.163705149482492E-8,2.023084694028615E-7
1071,0.9999856364426083,1.180069608207731E-6,0.00001277140524123986,4.12082542223855E-7
1072,0.999999952758315,1.114147530047846E-8,2.965430166140738E-8,6.445908046305489E-9
1073,0.9999999537376344,1.093041196493686E-8,2.900574480081177E-8,6.326208879687905E-9
1074,1.926779764172824E-7,0.9999982047921296,1.736788468415703E-7,1.428851047075722E-6
1075,0.9999999218756032,1.779388464988517E-8,5.011231138560668E-8,1.021820076948001E-8
1076,9.298989782540028E-9,5.188536407021285E-8,1.206153880667394E-8,0.9999999267541073
1077,8.670468457130715E-8,2.726653341581352E-8,0.999999864136799,2.189198305386787E-8
1078,2.654938204073837E-8,1.617135550731831E-7,3.451807808109824E-8,0.9999997772189848
1079,1.120721816296371E-8,0.9999999442151834,1.040370050274699E-8,3.417389804212572E-8
1080,6.516281526733204E-7,0.9999893779162178,5.597516271066635E-7,9.410704002403177E-6
1081,0.9999998144239262,4.093344310301183E-8,1.213038390758481E-7,2.333879168289486E-8
1082,1.125512086008752E-8,6.433649021780353E-8,1.460801029438274E-8,0.9999999098003787
1083,2.84893765224534E-7,7.109469166349917E-8,0.9999995877537884,5.625775471464255E-8
1084,0,0,0,0
1085,0,0,0,0
1086,0,0,0,0
1087,0,0,0,0
1088,0,0,0,0
1089,0,0,0,0
1090,0.9999994464691101,9.853204018338178E-8,4.01834248833927E-7,5.316460086866553E-8
1091,2.64946198072221E-8,9.390205545010726E-9,0.9999999565288007,7.586373953843033E-9
1092,2.004508303528579E-6,2.519497162225681E-7,0.9999975584609209,1.850810593605087E-7
1093,1.702590261012862E-7,5.195063662699138E-8,0.9999997361505985,4.163973878326521E-8
1094,1.155671405085874E-8,6.625420896192081E-8,1.500060963952514E-8,0.9999999071884673
1095,1.843636017554977E-7,0.9999983472203007,1.665792360172102E-7,1.301836861530737E-6
1096,3.814769454659176E-8,0.999999790967128,3.529164508407744E-8,1.355935323763881E-7
1097,2.741521641090097E-8,9.663711092258579E-9,0.999999955115816,7.805256492625773E-9
1098,4.051437350457836E-6,4.105253186276074E-7,0.9999952479326358,2.901046950430984E-7
1099,6.148720522124447E-8,0.9999996514940391,5.68114133967877E-8,2.302073422306038E-7
1100,2.64946198072221E-8,9.390205545010726E-9,0.9999999565288007,7.586373953843033E-9
1101,4.013433503300453E-7,0.9999941985735681,3.492454311429995E-7,5.050837650497341E-6
1102,1.09067992443835E-8,0.9999999459233551,1.012616527891684E-8,3.304368037766809E-8
1103,0.9999998413827475,3.51191030995151E-8,1.034573565386788E-7,2.004079290483154E-8
1104,6.075091964977438E-8,0.9999996594700872,5.615468834677274E-8,2.236243048799544E-7
1105,6.914105264528149E-9,3.670562806130878E-8,8.956923296074979E-9,0.9999999474233434
1106,1.011856775084334E-8,0.9999999504051386,9.397974980547441E-9,3.007831869975058E-8
1107,1.952102530784537E-6,0.0001356034554826612,3.313812347858168E-6,0.9998591306296387
1108,2.839556214402246E-8,9.954925857599632E-9,0.9999999536112025,8.038309483536384E-9
1109,0.9999999572285743,1.017820547363067E-8,2.669358475308354E-8,5.899635477674146E-9
1110,1.736214216685448E-7,0.9999984780118952,1.570845033323257E-7,1.191282179740835E-6
1111,0,0,0,0
1112,0,0,0,0
1113,0,0,0,0
1114,1.013279867085826E-8,0.999999950324226,9.411121918636877E-9,3.01318534210139E-8
1115,1.261175036256599E-8,0.9999999362292217,1.170124680856454E-8,3.945778111498865E-8
1116,1.951311357005877E-6,0.0001355439937487383,3.312440052476961E-6,0.9998591922548418
1117,2.732101269226456E-8,9.635726515788926E-9,0.9999999552603999,7.782860980211403E-9
1118,1.014314555574215E-8,0.9999999502653963,9.42068066936118E-9,3.017077738149054E-8
1119,7.328894223323289E-7,0.9999874697510525,6.263663809891266E-7,0.00001117099314425225
1120,1.874793144329869E-8,0.9999999013364552,1.737000252056801E-8,6.254561084636043E-8
1121,2.659958421884811E-8,9.421391634914494E-9,0.9999999563676923,7.61133180582707E-9
1122,3.572130932681945E-7,0.9999950459188466,3.121156450507484E-7,4.284752415065297E-6
1123,4.149653334480624E-8,0.9999997718780647,3.838509870640224E-8,1.482403033001984E-7
1124,2.64946198072221E-8,9.390205545010726E-9,0.9999999565288007,7.586373953843033E-9
1125,0.9998877231127764,7.946187171934893E-6,0.000102034566511745,2.296133539868109E-6
1126,2.64946198072221E-8,9.390205545010726E-9,0.9999999565288007,7.586373953843033E-9
1127,2.689255514338476E-8,9.508429001462594E-9,0.9999999559180295,7.680986406214907E-9
1128,9.808581470102643E-7,1.721094426660543E-7,0.9999987149312287,1.321011816293854E-7
1129,2.64946198072221E-8,9.390205545010726E-9,0.9999999565288007,7.586373953843033E-9
1130,0.9999999575770625,1.010311027572817E-8,2.646277859946615E-8,5.857048615718522E-9
1131,7.163794151298598E-7,1.355187453149855E-7,0.9999990432914488,1.048103907687853E-7
1132,1.016587651392702E-8,0.9999999501361552,9.441680189323314E-9,3.025628817783502E-8
1133,8.196155939756738E-9,4.486498949976037E-8,1.062587720898894E-8,0.9999999363129773
1134,1.218844318697886E-6,1.909970627033149E-7,0.99999844546269,1.446959285886395E-7
1135,0.9999999573431848,1.015350979064325E-8,2.661767471630974E-8,5.885630638305835E-9
1136,2.666287971656004E-8,9.440197525774515E-9,0.9999999562705408,7.626381938259955E-9
1137,6.530765372049691E-7,0.9999893389249054,5.609416789856126E-7,9.447056878377862E-6
1138,2.680136190470661E-8,9.481335488884021E-9,0.9999999560579987,7.659303842102228E-9
1139,5.851099346340512E-9,2.994058343010998E-8,7.573119951563713E-9,0.9999999566351973
1140,0.00004696591286769843,3.101398887967392E-6,0.9999480312463249,1.901441919362596E-6
1141,5.851099346340512E-9,2.994058343010998E-8,7.573119951563713E-9,0.9999999566351973
1142,2.64946198072221E-8,9.390205545010726E-9,0.9999999565288007,7.586373953843033E-9
1143,2.452733296302359E-7,7.575294779396244E-6,3.549856139558959E-7,0.999991824446277
1144,2.64946198072221E-8,9.390205545010726E-9,0.9999999565288007,7.586373953843033E-9
1145,0.9999999575770625,1.010311027572817E-8,2.646277859946615E-8,5.857048615718522E-9
1146,1.00943827458117E-8,0.9999999505426471,9.375632169774955E-9,2.998733798584485E-8
1147,0.999999957270577,1.0169154751484E-8,2.666576543809388E-8,5.894502817079402E-9
1148,2.64946198072221E-8,9.390205545010726E-9,0.9999999565288007,7.586373953843033E-9
1149,9.181982143701847E-8,1.094031028764632E-6,1.225192979698252E-7,0.9999986916298518
1150,0.9999999204738997,1.809742857841655E-8,5.103813425516826E-8,1.039053742404205E-8
1151,6.835427602017808E-9,3.620500607912982E-8,8.85450254706354E-9,0.9999999481050638
1152,1.489931328543094E-7,3.454979083174611E-6,2.088099127845761E-7,0.9999961872178712
1153,0.9999999575770625,1.010311027572817E-8,2.646277859946615E-8,5.857048615718522E-9
1154,2.64946198072221E-8,9.390205545010726E-9,0.9999999565288007,7.586373953843033E-9
1155,0.00001041015244388133,0.97336306999065,0.00001115675566703817,0.026615363101239
1156,2.073255504925716E-7,5.949975678736996E-8,0.9999996856566796,4.751801304245889E-8
1157,0.999999929227442,1.62108448420547E-8,4.524110553832487E-8,9.320607604564616E-9
1158,3.744746003067991E-7,8.448420271928259E-8,0.9999994746911365,6.635006047188821E-8
1159,5.851099346340512E-9,2.994058343010998E-8,7.573119951563713E-9,0.9999999566351973
1160,2.64946198072221E-8,9.390205545010726E-9,0.9999999565288007,7.586373953843033E-9
1161,2.64946198072221E-8,9.390205545010726E-9,0.9999999565288007,7.586373953843033E-9
1162,2.680703877659325E-8,9.483021631303302E-9,0.9999999560492864,7.660653217104936E-9
1163,5.851099346340512E-9,2.994058343010998E-8,7.573119951563713E-9,0.9999999566351973
1164,0.9999384389556935,8.74165849759109E-6,0.00001991179793333324,0.00003290758787562616
1165,0.9999999575770625,1.010311027572817E-8,2.646277859946615E-8,5.857048615718522E-9
1166,1.013105014196952E-8,0.9999999503341666,9.409506570426564E-9,3.012527672973947E-8
1167,0.0001078961094242954,6.86772310735283E-6,0.9998810966709479,4.1394965204202E-6
1168,2.876510122169678E-8,1.006421436611512E-8,0.9999999530449365,8.125747936427028E-9
1169,1.044267852060858E-8,0.9999999485619928,9.697395756900315E-9,3.129793288697451E-8
1170,0.000105448271001636,6.718919641229992E-6,0.9998837816275921,4.051181765070885E-6
1171,3.927862461581401E-8,1.317974534727303E-8,0.9999999369229443,1.061868569528264E-8
1172,2.14328021875377E-8,0.9999998859763342,1.984977709360472E-8,7.274108657326744E-8
1173,0.9977714223773226,0.00003115644038425992,0.002187529275654886,9.891906638202858E-6
1174,3.84224647454055E-8,1.293330119066469E-8,0.999999938222401,1.04218330500529E-8
1175,0.9999999572271939,1.017850299729296E-8,2.669449883180103E-8,5.899804214825679E-9
1176,1.822303136748885E-7,0.9999983814210666,1.647434538753461E-7,1.271605165896707E-6
1177,0.9999999575770625,1.010311027572817E-8,2.646277859946615E-8,5.857048615718522E-9
1178,0.9999999572328975,1.017727530738628E-8,2.669071909074796E-8,5.899108161787331E-9
1179,0.9999996870271781,6.546587127109157E-8,2.106378326409718E-7,3.686911797825941E-8
1180,0.999999952256149,1.124965954277884E-8,2.998693509025803E-8,6.507256370292979E-9
1181,0.9999999558968523,1.046517633489504E-8,2.757559328497507E-8,6.062378099934201E-9
1182,4.385358745989269E-7,9.405366907958428E-8,0.9999993938479922,7.356246408685092E-8
1183,0.9999998630823009,3.04628392006818E-8,8.905207418416697E-8,1.740278564106674E-8
1184,1.090191449599471E-8,0.999999945951072,1.012165225775101E-8,3.302536123537782E-8
1185,2.529978324522911E-7,7.905964940614487E-6,3.667138689671641E-7,0.999991474323358
1186,2.679825530774774E-8,9.480412691311337E-9,0.9999999560627667,7.658565348067669E-9
1187,1.00943827458117E-8,0.9999999505426471,9.375632169774955E-9,2.998733798584485E-8
1188,0.9999930841329142,6.64803547587435E-7,5.982741792107544E-6,2.683217460538899E-7
1189,4.136550455891472E-8,1.380722676904486E-8,0.9999999337060663,1.112120234885725E-8
1190,5.851099346340512E-9,2.994058343010998E-8,7.573119951563713E-9,0.9999999566351973
1191,6.384427556424415E-7,1.23914125808059E-7,0.9999991415753076,9.606781095599336E-8
1192,2.64946198072221E-8,9.390205545010726E-9,0.9999999565288007,7.586373953843033E-9
1193,0.9999999575770625,1.010311027572817E-8,2.646277859946615E-8,5.857048615718522E-9
1194,1.777166671384161E-8,0.9999999068844542,1.646808378735655E-8,5.88757952845004E-8
1195,0.9999999540234018,1.086886916548237E-8,2.881641652108162E-8,6.291312467054044E-9
1196,6.038835043447937E-9,3.113531077036696E-8,7.817510935033497E-9,0.9999999550083433
1197,1.358279720295224E-7,4.1862343496461E-8,0.9999997887368157,3.357286871796418E-8
1198,9.559773182131062E-9,5.354670231271809E-8,1.240103222039865E-8,0.9999999244924923
1199,1.194423758039561E-8,0.9999999400246166,1.108457984750808E-8,3.694656602760768E-8
1200,0.000107827425326958,6.866085818408507E-6,0.9998811678524555,4.138636399113491E-6
1201,2.64946198072221E-8,9.390205545010726E-9,0.9999999565288007,7.586373953843033E-9
1202,2.64946198072221E-8,9.390205545010726E-9,0.9999999565288007,7.586373953843033E-9
1203,6.460304894237328E-7,0.9999895000965183,5.551160959668767E-7,9.298756896255226E-6
1204,1.75831488493E-7,5.366499479255419E-8,0.9999997274890312,4.301448546950759E-8
1205,6.512960576647684E-8,2.085798857305288E-8,0.9999998972490261,1.676337958147804E-8
1206,6.137155802240491E-6,5.720983417299512E-7,0.9999928936338279,3.971120280602579E-7
1207,0.9999999488348578,1.198689066881621E-8,3.225291000581838E-8,6.925341504884418E-9
1208,5.629451511263211E-8,0.999999687594157,5.205499311539244E-8,2.040563347774055E-7
1209,0.00009179774357549522,5.87454422401781E-6,0.999898778307093,3.549405107492248E-6
1210,2.64946198072221E-8,9.390205545010726E-9,0.9999999565288007,7.586373953843033E-9
1211,5.851099346340512E-9,2.994058343010998E-8,7.573119951563713E-9,0.9999999566351973
1212,2.684018391383629E-7,0.9999967511976781,2.373927796062767E-7,2.74300770323014E-6
1213,0.9999999575770625,1.010311027572817E-8,2.646277859946615E-8,5.857048615718522E-9
1214,1.031876866039737E-8,0.9999999492668193,9.582926164800266E-9,3.083148580525625E-8
1215,0.5834453388188512,0.0003228930904393141,0.4161197626867794,0.0001120054039301498
1216,2.64946198072221E-8,9.390205545010726E-9,0.9999999565288007,7.586373953843033E-9
1217,5.851099346340512E-9,2.994058343010998E-8,7.573119951563713E-9,0.9999999566351973
1218,1.58723065582128E-7,0.9999986342042382,1.437637518121671E-7,1.063308944373045E-6
1219,6.033904708091185E-8,0.999999662807575,5.578035675083695E-8,2.210730211238463E-7
1220,5.851099346340512E-9,2.994058343010998E-8,7.573119951563713E-9,0.9999999566351973
1221,2.530762301960229E-7,7.913844127224563E-6,3.668631301350343E-7,0.9999914662165125
1222,2.924505093987278E-8,1.020730550538283E-8,0.9999999523073583,8.240285267502002E-9
1223,0.9999999209950198,1.798547410980451E-8,5.06924140582075E-8,1.032709209571409E-8
1224,0.9999931330105273,6.607176238611907E-7,5.939417922474435E-6,2.668539263897449E-7
1225,0.9999999521712455,1.126799186232739E-8,3.004310508951057E-8,6.517657510145289E-9
1226,0.9999999539853133,1.087706647120845E-8,2.884166037880546E-8,6.295959847358764E-9
1227,3.377019033138871E-6,3.582806089697079E-7,0.9999960091965237,2.555038342193506E-7
1228,8.268077457888214E-8,2.607488283285885E-8,0.9999998703058395,2.093850309007626E-8
1229,5.851099346340512E-9,2.994058343010998E-8,7.573119951563713E-9,0.9999999566351973
1230,1.972240314719012E-7,0.9999981172961365,1.775024986696234E-7,1.507977333384647E-6
1231,1.013279867085826E-8,0.999999950324226,9.411121918636877E-9,3.01318534210139E-8
1232,4.161333518771201E-8,0.999999771285787,3.849344857052706E-8,1.486074292543246E-7
1233,2.649745300998488E-7,8.804908013852331E-6,3.874796105722016E-7,0.9999905426378455
1234,3.181846186575208E-8,1.09718932558179E-8,0.9999999483574693,8.852175577168216E-9
1235,2.638302005392792E-8,1.606516696979793E-7,3.4301492367561E-8,0.9999997786638178
1236,0.9999929589859783,6.74057825504794E-7,6.095775058341382E-6,2.71181137848409E-7
1237,0,0,0,0
1238,0,0,0,0
1239,0,0,0,0
1240,5.145248567263287E-8,4.74048867665011E-7,6.783922347068924E-8,0.9999994066594232
1241,1.119425134267581E-8,0.9999999442888323,1.039172090416341E-8,3.412519545014464E-8
1242,0.9791589081613825,0.00001959308043950873,0.02081533460866827,6.164149509729442E-6
1243,0.9999999575770625,1.010311027572817E-8,2.646277859946615E-8,5.857048615718522E-9
1244,0.9999999304976188,1.593707599460398E-8,4.439996121306969E-8,9.165344021689367E-9
1245,0.9999989075442548,1.725717496058219E-7,8.302395738142193E-7,8.964442181009437E-8
1246,3.647902368222779E-8,1.235650227461495E-8,0.9999999412042171,9.960256989929045E-9
1247,3.364883179477215E-8,1.151562827622403E-8,0.9999999455482239,9.287316008328882E-9
1248,9.02635396250047E-8,0.9999993511256045,8.254865188855183E-8,4.760622040510896E-7
1249,1.27555632377627E-8,0.9999999354116209,1.183410578912857E-8,3.999871008090763E-8
1250,0.9999999570028175,1.022685500509859E-8,2.684310234853469E-8,5.927225073778948E-9
1251,0.9999985780029491,2.055213730992373E-7,1.113153115940969E-6,1.033225618202604E-7
1252,5.863392103220109E-8,0.9999996739950453,5.42143584585901E-8,2.131566752249147E-7
1253,5.874479267629373E-9,3.008936970272311E-8,7.603555512003058E-9,0.9999999564325955
1254,3.832915262143665E-7,8.579924096021461E-8,0.9999994635682423,6.734099047005483E-8
1255,0,0,0,0
1256,0,0,0,0
1257,0,0,0,0
1258,0.9999999575770625,1.010311027572817E-8,2.646277859946615E-8,5.857048615718522E-9
1259,0.9999999400567997,1.387819837900513E-8,3.806712472711881E-8,7.997877173143205E-9
1260,1.830100540693949E-7,5.554498996192798E-8,0.9999997169378454,4.45071105213318E-8
1261,1.00943827458117E-8,0.9999999505426471,9.375632169774955E-9,2.998733798584485E-8
1262,0.9999999575770625,1.010311027572817E-8,2.646277859946615E-8,5.857048615718522E-9
1263,0.9999991276382105,1.423282477542792E-7,6.55291542939106E-7,7.474199877716718E-8
1264,5.851099346340512E-9,2.994058343010998E-8,7.573119951563713E-9,0.9999999566351973
1265,0.9999999572095282,1.018230885576821E-8,2.670620050374708E-8,5.901962417920137E-9
1266,6.866728201989549E-8,0.9999995769917423,6.323594330307832E-8,2.911050324443445E-7
1267,5.851099346340512E-9,2.994058343010998E-8,7.573119951563713E-9,0.9999999566351973
1268,5.851099346340512E-9,2.994058343010998E-8,7.573119951563713E-9,0.9999999566351973
1269,1.100862653815046E-8,0.9999999453442696,1.022023550864752E-8,3.342686831390258E-8
1270,5.851099346340512E-9,2.994058343010998E-8,7.573119951563713E-9,0.9999999566351973
1271,0.9999999575770625,1.010311027572817E-8,2.646277859946615E-8,5.857048615718522E-9
1272,6.447150123140237E-7,0.9999895255282834,5.540101702937151E-7,9.275746533985822E-6
1273,2.64946198072221E-8,9.390205545010726E-9,0.9999999565288007,7.586373953843033E-9
1274,0.9999999575770625,1.010311027572817E-8,2.646277859946615E-8,5.857048615718522E-9
1275,1.884497846150562E-7,5.65235438207024E-8,0.9999997097664792,4.526019230430344E-8
1276,0.9999999575770625,1.010311027572817E-8,2.646277859946615E-8,5.857048615718522E-9
1277,1.00943827458117E-8,0.9999999505426471,9.375632169774955E-9,2.998733798584485E-8
1278,6.430752394661039E-8,0.9999996225835837,5.933714717842267E-8,2.537717451665275E-7
1279,0.9999998781482816,2.721282626105818E-8,7.907965883823293E-8,1.555923328521933E-8
1280,0.9999997560456636,5.350427574259082E-8,1.599834662095789E-7,3.046659449162052E-8
1281,4.930930722748657E-7,1.02210658924783E-7,0.999999324985256,7.971101279091738E-8
1282,5.851099346340512E-9,2.994058343010998E-8,7.573119951563713E-9,0.9999999566351973
1283,2.64946198072221E-8,9.390205545010726E-9,0.9999999565288007,7.586373953843033E-9
1284,6.231436155527163E-8,0.9999996433413672,5.75541939992218E-8,2.367900772481931E-7
1285,0.999999952752784,1.114262922734657E-8,2.965802929603258E-8,6.446557479190627E-9
1286,0.9999998764003953,2.759168497229497E-8,8.023354459038542E-8,1.577437507683742E-8
1287,4.089127553447107E-8,3.123824191178243E-7,5.353661494317739E-8,0.9999995931896905
1288,0,0,0,0
1289,0,0,0,0
1290,0,0,0,0
1291,5.7125624406455E-8,0.9999996823348298,5.281948864559784E-8,2.077200571141403E-7
1292,1.016376160766709E-8,0.9999999501481772,9.439726360967303E-9,3.024833486151265E-8
1293,2.101323188303783E-7,0.9999978699588755,1.883662334054211E-7,1.731542572273691E-6
1294,0.9999997022681657,6.337201720784582E-8,1.985223531712153E-7,3.583746389148417E-8
1295,3.401073467355997E-8,2.113332865162799E-7,4.424367006313561E-8,0.9999997104123087
1296,8.457063775812029E-7,1.548084464242829E-7,0.9999988801392145,1.193459615530081E-7
1297,1.665236586165463E-7,5.090997393668653E-8,0.9999997417562002,4.08101672881769E-8
1298,1.176496109156707E-7,3.641807445760631E-8,0.9999998167184678,2.92138468248265E-8
1299,2.258904045229209E-7,6.745799445568498E-6,3.255578189779226E-7,0.9999927027523309
1300,7.124606530438963E-9,3.80452656706802E-8,9.23095028437715E-9,0.9999999455991775
1301,0.9999997293507,5.918177563908198E-8,1.777910004727158E-7,3.367652384161564E-8
1302,1.082934369091584E-7,0.9999991625098024,9.867180562692715E-8,6.305249551449437E-7
1303,0.9999998493211724,3.341871731918288E-8,9.818227288516896E-8,1.907783743044648E-8
1304,3.925162726948518E-8,0.9999997847084513,3.63116014043514E-8,1.397283200252264E-7
1305,0.9998877522600901,7.944172792518447E-6,0.0001020079945751096,2.295572542243773E-6
1306,0.9999999572867268,1.016567532892275E-8,2.665506825935953E-8,5.892529704845718E-9
1307,0.9999999570844371,1.020926579278318E-8,2.678904707617993E-8,5.91724999491968E-9
1308,0.9999987893688926,1.871792194798827E-7,9.269479542725144E-7,9.650393366144548E-8
1309,2.869798392640058E-8,1.004480860172201E-8,0.9999999531469646,8.110242968502613E-9
1310,0.9999999195408715,1.82978990885765E-8,5.165708091141819E-8,1.050414852151151E-8
1311,0.9999930416029593,6.683296320018198E-7,6.020490207376443E-6,2.695772013149459E-7
1312,3.152232435108397E-8,1.088353939040338E-8,0.9999999488126866,8.781449698849473E-9
1313,3.014372818667996E-8,1.047400447819162E-8,0.9999999509285606,8.453706730643329E-9
1314,2.168067311716891E-7,0.9999977418391807,1.939820865307034E-7,1.847372001615965E-6
1315,5.851099346340512E-9,2.994058343010998E-8,7.573119951563713E-9,0.9999999566351973
1316,2.64946198072221E-8,9.390205545010726E-9,0.9999999565288007,7.586373953843033E-9
1317,6.018953005966507E-8,0.9999996642088599,5.564564304004951E-8,2.199559669651916E-7
1318,0.9999988639454757,1.784006000759132E-7,8.651709727145668E-7,9.248295151983286E-8
1319,2.699010281863559E-8,9.537409167133432E-9,0.9999999557683093,7.704178773852321E-9
1320,5.608670755037607E-6,5.311589416978893E-7,0.9999934901717075,3.699985958034422E-7
1321,2.64946198072221E-8,9.390205545010726E-9,0.9999999565288007,7.586373953843033E-9
1322,2.64946198072221E-8,9.390205545010726E-9,0.9999999565288007,7.586373953843033E-9
1323,2.133631446019886E-7,0.9999978077759417,1.910836523981012E-7,1.787777261255012E-6
1324,0.9999999575770625,1.010311027572817E-8,2.646277859946615E-8,5.857048615718522E-9
1325,5.851099346340512E-9,2.994058343010998E-8,7.573119951563713E-9,0.9999999566351973
1326,0.9999991214960087,1.431328075578798E-7,6.602409213923439E-7,7.513026242273296E-8
1327,2.64946198072221E-8,9.390205545010726E-9,0.9999999565288007,7.586373953843033E-9
1328,0.9999999575770625,1.010311027572817E-8,2.646277859946615E-8,5.857048615718522E-9
1329,5.88563820184359E-8,0.9999996724370609,5.441805842922146E-8,2.14288498667104E-7
1330,0.9999999563422906,1.036919310211809E-8,2.728057030466939E-8,6.007945999551484E-9
1331,0.9999999575770625,1.010311027572817E-8,2.646277859946615E-8,5.857048615718522E-9
1332,0.999998654887449,1.989841306704045E-7,1.045191811575567E-6,1.009366087367467E-7
1333,0.9999999463203285,1.252844839459181E-8,3.391879997791052E-8,7.232423073255146E-9
1334,5.373578347812378E-8,1.748026361672264E-8,0.9999999147233722,1.406058064001984E-8
1335,1.802949235675732E-7,5.462427800777226E-8,0.9999997213158945,4.376490391001516E-8
1336,2.314272711451703E-8,0.9999998763237292,2.142988602284538E-8,7.910365765813819E-8
1337,0.9999999575770625,1.010311027572817E-8,2.646277859946615E-8,5.857048615718522E-9
1338,1.097589138793046E-7,1.776321663762665E-6,1.492454801427276E-7,0.9999979646739422
1339,5.851099346340512E-9,2.994058343010998E-8,7.573119951563713E-9,0.9999999566351973
1340,2.689882443334435E-8,9.510288095725723E-9,0.9999999559084134,7.682474048221493E-9
1341,1.396346003688964E-7,4.286433903801842E-8,0.9999997831323846,3.436867600768323E-8
1342,0.9999999575770625,1.010311027572817E-8,2.646277859946615E-8,5.857048615718522E-9
1343,0.9999999554897183,1.055289095922986E-8,2.784527153754084E-8,6.112119139914195E-9
1344,1.779958481217267E-7,0.9999984299540157,1.609824242876082E-7,1.231067711922414E-6
1345,5.851099346340512E-9,2.994058343010998E-8,7.573119951563713E-9,0.9999999566351973
1346,1.00943827458117E-8,0.9999999505426471,9.375632169774955E-9,2.998733798584485E-8
1347,6.469055849870584E-7,0.9999894834539927,5.558531813379935E-7,9.313787240914051E-6
1348,1.013105014196952E-8,0.9999999503341666,9.409506570426564E-9,3.012527672973947E-8
1349,0.9999999575770625,1.010311027572817E-8,2.646277859946615E-8,5.857048615718522E-9
1350,9.099329209161896E-7,1.639195240026466E-7,0.999998799982237,1.26165318109251E-7
1351,5.851099346340512E-9,2.994058343010998E-8,7.573119951563713E-9,0.9999999566351973
1352,2.64946198072221E-8,9.390205545010726E-9,0.9999999565288007,7.586373953843033E-9
1353,5.40611032202768E-8,0.9999996999620324,4.998965413236731E-8,1.959872102187105E-7
1354,1.196398455282938E-8,0.9999999399119744,1.110282040230631E-8,3.702122056237406E-8
1355,2.740253619953952E-8,9.659945394457669E-9,0.9999999551352755,7.802242931724083E-9
1356,0.9999997225394292,6.029933733888055E-8,1.828967619087248E-7,3.426447162781339E-8
1357,0.9999999575770625,1.010311027572817E-8,2.646277859946615E-8,5.857048615718522E-9
1358,1.00943827458117E-8,0.9999999505426471,9.375632169774955E-9,2.998733798584485E-8
1359,6.288501958858308E-8,6.490357185329227E-7,8.332172555099164E-8,0.9999992047575363
1360,0.9999999568291951,1.026426876255432E-8,2.695809351697416E-8,5.948442617513268E-9
1361,1.03212572537539E-8,0.9999999492526668,9.58522517987881E-9,3.084085077481499E-8
1362,1.385304752485772E-7,0.9999988461292704,1.25710762201319E-7,8.896294922047704E-7
1363,1.00943827458117E-8,0.9999999505426471,9.375632169774955E-9,2.998733798584485E-8
1364,0.9999999575770625,1.010311027572817E-8,2.646277859946615E-8,5.857048615718522E-9
1365,5.234831945985032E-7,1.067435243181338E-7,0.9999992866465667,8.312671438890459E-8
1366,5.878525038672247E-9,3.011511580772709E-8,7.608822220544573E-9,0.9999999563975369
1367,1.00943827458117E-8,0.9999999505426471,9.375632169774955E-9,2.998733798584485E-8
1368,5.234386295267585E-6,5.021644851846399E-7,0.9999939126532131,3.507960063933061E-7
1369,5.851099346340512E-9,2.994058343010998E-8,7.573119951563713E-9,0.9999999566351973
1370,0.9999999550275271,1.065246728437487E-8,2.815141886238253E-8,6.168586681484169E-9
1371,6.481917098039386E-7,0.9999894585255066,5.56934106197588E-7,9.336348677431688E-6
1372,2.64946198072221E-8,9.390205545010726E-9,0.9999999565288007,7.586373953843033E-9
1373,5.851099346340512E-9,2.994058343010998E-8,7.573119951563713E-9,0.9999999566351973
1374,9.797458711364282E-7,1.722888689321362E-7,0.9999987156948202,1.322704396532802E-7
1375,6.066709623001528E-8,0.9999996586019927,5.606891968462582E-8,2.246619914418423E-7
1376,2.64946198072221E-8,9.390205545010726E-9,0.9999999565288007,7.586373953843033E-9
1377,8.540383231783894E-7,1.557037922436116E-7,0.9999988702715014,1.199863832650761E-7
1378,2.64946198072221E-8,9.390205545010726E-9,0.9999999565288007,7.586373953843033E-9
1379,1.00943827458117E-8,0.9999999505426471,9.375632169774955E-9,2.998733798584485E-8
1380,5.270604466568774E-7,0.9999917846493649,4.55019593723739E-7,7.233270594745476E-6
1381,6.058918537657339E-8,0.99999966062837,5.600675230372783E-8,2.227756923753626E-7
1382,5.851099346340512E-9,2.994058343010998E-8,7.573119951563713E-9,0.9999999566351973
1383,2.422127642970083E-7,7.444317398504993E-6,3.503389629024086E-7,0.9999919631308744
1384,0.9999999575770625,1.010311027572817E-8,2.646277859946615E-8,5.857048615718522E-9
1385,1.00943827458117E-8,0.9999999505426471,9.375632169774955E-9,2.998733798584485E-8
1386,1.841425952503038E-7,0.99999836198947,1.664569707866434E-7,1.287410963957814E-6
1387,0.9999999266046029,1.677670065032686E-8,4.697710228983066E-8,9.641594176853052E-9
1388,6.180654222151461E-9,3.203789009979718E-8,8.002128960670349E-9,0.9999999537793267
1389,5.389317635580897E-8,1.752245632971949E-8,0.9999999144902357,1.409413162202541E-8
1390,3.161557280063201E-8,1.091138637573224E-8,0.9999999486692989,8.803741988378707E-9
1391,0.9999999575770625,1.010311027572817E-8,2.646277859946615E-8,5.857048615718522E-9
1392,1.115720279874224E-8,6.371108499931063E-8,1.44805290095263E-8,0.9999999106511832
1393,0.9999999382926813,1.4258540192064E-8,3.923518217040355E-8,8.213596381085794E-9
1394,7.556876853039396E-7,1.414189835792869E-7,0.9999989936332004,1.092601306825934E-7
1395,1.835472036099979E-7,0.9999983670888629,1.659177127905404E-7,1.283446220711403E-6
1396,0.9999999303489143,1.596911740922124E-8,4.449845380412756E-8,9.183514515599098E-9
1397,0.9999997683684184,5.071430888991292E-8,1.520504907393705E-7,2.886678196397083E-8
1398,0.9999989321275047,1.691740987800961E-7,8.107322296551049E-7,8.796616693794445E-8
1399,0.9999997771476931,4.89225263129034E-8,1.460660346175538E-7,2.786374603845238E-8
1400,0.9999999405676524,1.376782528687389E-8,3.772927626655472E-8,7.935246061248134E-9
1401,2.381243444162043E-7,6.410385172544062E-8,0.9999996467834029,5.098840089191325E-8
1402,0.9999988175507666,1.844446039214294E-7,9.026121882374297E-7,9.539244129787517E-8
1403,1.787118802256162E-7,5.446718532704997E-8,0.9999997231669912,4.365394324281991E-8
1404,0.9999959005023904,4.293696102970643E-7,3.486382925416255E-6,1.837450739275768E-7
1405,0.9999997442172837,5.597519811177029E-8,1.679498531181948E-7,3.185766512238024E-8
1406,5.927587686864169E-9,3.042734719651859E-8,7.672691116575026E-9,0.999999955972374
1407,1.25709314131515E-7,2.458543391585471E-6,1.734596468838064E-7,0.9999972422876474
1408,2.940066691856509E-8,1.025351619890296E-8,0.9999999520685509,8.277265972601287E-9
1409,1.813843459021863E-7,5.479393526265615E-8,0.9999997199282971,4.389342177741878E-8
1410,2.126738255724407E-6,0.987964158024539,2.255953008692857E-6,0.01203145928419665
1411,5.851099346340512E-9,2.994058343010998E-8,7.573119951563713E-9,0.9999999566351973
1412,2.64946198072221E-8,9.390205545010726E-9,0.9999999565288007,7.586373953843033E-9
1413,2.64946198072221E-8,9.390205545010726E-9,0.9999999565288007,7.586373953843033E-9
1414,6.05855193440766E-8,0.9999996606324276,5.600326152923644E-8,2.22778791496583E-7
1415,2.924505093987278E-8,1.020730550538283E-8,0.9999999523073583,8.240285267502002E-9
1416,0.9999930127436678,6.703388885593106E-7,6.046773774118797E-6,2.701436695255506E-7
1417,5.851099346340512E-9,2.994058343010998E-8,7.573119951563713E-9,0.9999999566351973
1418,5.880025338922699E-9,3.01246637787592E-8,7.610775286077514E-9,0.9999999563845357
1419,6.850369810554797E-8,0.9999995786994765,6.308963727466331E-8,2.897071880456004E-7
1420,0.9999999575770625,1.010311027572817E-8,2.646277859946615E-8,5.857048615718522E-9
1421,5.851099346340512E-9,2.994058343010998E-8,7.573119951563713E-9,0.9999999566351973
1422,0.9999997032214278,6.320535220644135E-8,1.978252015085009E-7,3.574801846041879E-8
1423,0.9999997168689354,6.127604959540484E-8,1.870687346235078E-7,3.478628040324185E-8
1424,2.64946198072221E-8,9.390205545010726E-9,0.9999999565288007,7.586373953843033E-9
1425,9.3015354773037E-7,1.669235852209131E-7,0.9999987744950443,1.284278227768E-7
1426,0.9999999575770625,1.010311027572817E-8,2.646277859946615E-8,5.857048615718522E-9
1427,5.851099346340512E-9,2.994058343010998E-8,7.573119951563713E-9,0.9999999566351973
1428,0.9999999571894073,1.018664617550642E-8,2.671952427606033E-8,5.904422326731835E-9
1429,2.677236469488977E-8,9.472723636224207E-9,0.9999999561024996,7.652412046958738E-9
1430,0.9999999575770625,1.010311027572817E-8,2.646277859946615E-8,5.857048615718522E-9
1431,1.011856775084334E-8,0.9999999504051386,9.397974980547441E-9,3.007831869975058E-8
1432,0.9999999575770625,1.010311027572817E-8,2.646277859946615E-8,5.857048615718522E-9
1433,1.00943827458117E-8,0.9999999505426471,9.375632169774955E-9,2.998733798584485E-8
1434,5.346717050074214E-8,5.048699254203586E-7,7.056751488859554E-8,0.9999993710953892
1435,5.871487230819796E-9,3.007032877755646E-8,7.59966053204068E-9,0.9999999564585235
1436,1.00943827458117E-8,0.9999999505426471,9.375632169774955E-9,2.998733798584485E-8
1437,2.49690108728224E-7,7.764314954198397E-6,3.616913211612553E-7,0.9999916243036159
1438,5.851099346340512E-9,2.994058343010998E-8,7.573119951563713E-9,0.9999999566351973
1439,2.64946198072221E-8,9.390205545010726E-9,0.9999999565288007,7.586373953843033E-9
1440,3.30718004348199E-8,2.03598410023387E-7,4.301105789354834E-8,0.9999997203187316
1441,0,0,0,0
1442,0,0,0,0
1443,0,0,0,0
1444,0,0,0,0
1445,0,0,0,0
1446,0,0,0,0
1447,0,0,0,0
1448,0,0,0,0
1449,0,0,0,0
1450,0,0,0,0
1451,0,0,0,0
1452,0,0,0,0
1453,0,0,0,0
1454,0,0,0,0
1455,0,0,0,0
1456,0,0,0,0
1457,0,0,0,0
1458,0,0,0,0
1459,0,0,0,0
1460,0,0,0,0
1461,0,0,0,0
1462,0,0,0,0
1463,0,0,0,0
1464,0,0,0,0
1465,0,0,0,0
1466,0,0,0,0
1467,0,0,0,0
1468,0,0,0,0
1469,0,0,0,0
1470,0,0,0,0
1471,0,0,0,0
1472,0,0,0,0
1473,0,0,0,0
1474,0,0,0,0
1475,0,0,0,0
1476,0,0,0,0
1477,0,0,0,0
1478,0,0,0,0
1479,0,0,0,0
1480,0,0,0,0
1481,0,0,0,0
1482,0,0,0,0
1483,0,0,0,0
1484,0,0,0,0
1485,0,0,0,0
1486,0,0,0,0
1487,0,0,0,0
1488,0,0,0,0
1489,0,0,0,0
1490,0,0,0,0
1491,0,0,0,0
1492,0,0,0,0
1493,0,0,0,0
1494,0,0,0,0
1495,0,0,0,0
1496,0,0,0,0
1497,0,0,0,0
1498,2.64946198072221E-8,9.390205545010726E-9,0.9999999565288007,7.586373953843033E-9
1499,5.851099346340512E-9,2.994058343010998E-8,7.573119951563713E-9,0.9999999566351973
1500,0.9999991259250322,1.425661700685285E-7,6.566490424603488E-7,7.485975533719639E-8
1501,5.851099346340512E-9,2.994058343010998E-8,7.573119951563713E-9,0.9999999566351973
1502,2.64946198072221E-8,9.390205545010726E-9,0.9999999565288007,7.586373953843033E-9
1503,3.469878650988091E-8,2.177477625564836E-7,4.515130847700495E-8,0.9999997024021424
1504,0.999999956234068,1.039251042552851E-8,2.735225258394667E-8,6.02116892707488E-9
1505,1.012181759318593E-8,0.9999999503866601,9.400977274129718E-9,3.009054502020439E-8
1506,0.9999996106031583,7.597696803261083E-8,2.713694695344122E-7,4.205040409246632E-8
1507,9.345034023208491E-8,1.120868716373065E-6,1.247386473534059E-7,0.9999986609422961
1508,5.851099346340512E-9,2.994058343010998E-8,7.573119951563713E-9,0.9999999566351973
1509,7.22381792595592E-7,1.363916054302327E-7,0.9999990357606867,1.054659152043522E-7
1510,0.9999999558963156,1.046529823534977E-8,2.757593809886098E-8,6.062448048933603E-9
1511,1.012181759318593E-8,0.9999999503866601,9.400977274129718E-9,3.009054502020439E-8
1512,7.224303797182186E-8,0.9999995395891169,6.643357288982212E-8,3.21734272250456E-7
1513,0.9999997846310589,4.72624099142881E-8,1.411904664047363E-7,2.691606483202546E-8
1514,6.842617108209216E-9,3.625054525277989E-8,8.863860462562154E-9,0.9999999480429772
1515,3.460297833042269E-8,2.162753631811602E-7,4.50215253791598E-8,0.9999997041001331
1516,0.9999999575770625,1.010311027572817E-8,2.646277859946615E-8,5.857048615718522E-9
1517,0.9999999575770625,1.010311027572817E-8,2.646277859946615E-8,5.857048615718522E-9
1518,0.9999988129076362,1.843612977973705E-7,9.075292655853366E-7,9.520180050159453E-8
1519,0.999999765584684,5.141874591174496E-8,1.537166134554203E-7,2.927995670756332E-8
1520,4.689769463820239E-8,1.545087584704511E-8,0.9999999252148358,1.243659368102833E-8
1521,1.058176063882591E-6,1.785075394198478E-7,0.9999986269002807,1.364161159544564E-7
1522,9.612530389018301E-8,3.005748430819104E-8,0.9999998496920423,2.412516958398656E-8
1523,2.724617790493361E-8,9.613465252896294E-9,0.9999999553753126,7.765044286777647E-9
1524,0.9999988579110132,1.792435658127329E-7,8.699442463292458E-7,9.290117465207418E-8
1525,0.9999999441428641,1.299739879598141E-8,3.536140498890434E-8,7.498332102280565E-9
1526,8.041138399612433E-8,2.53887066918748E-8,0.9999998738111061,2.038880321248548E-8
1527,0.9999999531900189,1.104845233158339E-8,2.936837395988085E-8,6.393154812319801E-9
1528,0,0,0,0
1529,0,0,0,0
1530,0,0,0,0
1531,0,0,0,0
1532,0,0,0,0
1533,0,0,0,0
1534,0,0,0,0
1535,0,0,0,0
1536,0,0,0,0
1537,0,0,0,0
1538,0,0,0,0
1539,0,0,0,0
1540,0,0,0,0
1541,0,0,0,0
1542,0,0,0,0
